{
    "1": -44.2265625,
    "2": -42.71484375,
    "3": 25.3671875,
    "4": -45.43359375,
    "5": -43.953125,
    "6": -44.21875,
    "7": 26.1171875,
    "8": 26.2109375,
    "9": -35.69921875,
    "10": -34.306640625,
    "11": -45.5,
    "12": 26.203125,
    "13": -25.91796875,
    "14": -42.19140625,
    "15": -46.5546875,
    "16": 26.203125,
    "17": 26.203125,
    "18": 26.21875,
    "19": -41.16015625,
    "20": 26.1953125,
    "21": 26.1875,
    "22": 26.203125,
    "23": 26.2109375,
    "24": 26.1953125,
    "25": 26.2109375,
    "26": -44.80078125,
    "27": 26.203125,
    "28": -33.64453125,
    "29": 26.203125,
    "30": -43.49609375,
    "31": -39.640625,
    "32": 26.203125,
    "33": 26.203125,
    "34": 26.234375,
    "35": 26.203125,
    "36": -40.92578125,
    "37": 26.203125,
    "38": -38.87890625,
    "39": -44.33984375,
    "40": -41.875,
    "41": -44.22265625,
    "42": 10.1005859375,
    "43": 26.203125,
    "44": 26.1953125,
    "45": 26.203125,
    "46": 26.1875,
    "47": 26.1953125,
    "48": 26.203125,
    "49": 26.203125,
    "50": 26.1953125,
    "51": -30.9228515625,
    "52": -32.6171875,
    "53": -42.9140625,
    "54": 26.1953125,
    "55": 26.1953125,
    "56": 26.21875,
    "57": 26.1875,
    "58": 26.2109375,
    "59": -45.7890625
}
